3001,26,28,11,13,10,12,10,11,12,13,26,28,11,2003-2-23
3002,09,04,26,21,19,20,04,09,19,20,21,26,12,2003-2-27
3003,23,07,28,10,01,32,01,07,10,23,28,32,16,2003-3-2
3004,13,04,07,25,06,10,04,06,07,10,13,25,03,2003-3-6
3005,04,30,17,15,31,06,04,06,15,17,30,31,16,2003-3-9
3006,01,10,27,26,21,03,01,03,10,21,26,27,06,2003-3-13
3007,23,19,09,26,01,21,01,09,19,21,23,26,07,2003-3-16
3008,09,08,17,23,14,05,05,08,09,14,17,23,08,2003-3-20
3009,30,18,09,22,05,20,05,09,18,20,22,30,09,2003-3-23
3010,01,17,24,08,02,13,01,02,08,13,17,24,13,2003-3-27
3011,12,11,30,04,05,32,04,05,11,12,30,32,15,2003-3-30
3012,17,02,12,16,27,30,02,12,16,17,27,30,12,2003-4-3
3013,23,13,08,32,17,21,08,13,17,21,23,32,12,2003-4-6
3014,03,21,07,31,08,05,03,05,07,08,21,31,02,2003-4-10
3015,25,26,04,11,32,19,04,11,19,25,26,32,13,2003-4-13
3016,30,33,11,17,28,31,11,17,28,30,31,33,06,2003-4-17
3017,25,31,18,08,05,23,05,08,18,23,25,31,06,2003-4-20
3018,16,20,05,19,25,28,05,16,19,20,25,28,13,2003-4-24
3019,12,33,13,08,16,04,04,08,12,13,16,33,09,2003-4-27
3020,26,25,27,32,10,07,07,10,25,26,27,32,04,2003-5-1
3021,15,18,30,26,25,14,14,15,18,25,26,30,01,2003-5-4
3022,14,02,32,11,07,12,02,07,11,12,14,32,08,2003-5-8
3023,20,31,22,10,26,01,01,10,20,22,26,31,02,2003-5-11
3024,15,02,30,17,22,07,02,07,15,17,22,30,14,2003-5-15
3025,27,01,14,05,13,11,01,05,11,13,14,27,12,2003-5-18
3026,31,26,13,08,29,15,08,13,15,26,29,31,16,2003-5-22
3027,17,27,11,28,14,01,01,11,14,17,27,28,15,2003-5-25
3028,13,32,16,20,06,28,06,13,16,20,28,32,07,2003-5-29
3029,15,32,07,02,26,29,02,07,15,26,29,32,10,2003-6-1
3030,27,23,06,13,02,14,02,06,13,14,23,27,07,2003-6-5
3031,32,22,17,28,11,20,11,17,20,22,28,32,01,2003-6-8
3032,25,27,04,29,30,11,04,11,25,27,29,30,13,2003-6-12
3033,27,30,20,01,07,14,01,07,14,20,27,30,10,2003-6-15
3034,08,25,16,23,13,14,08,13,14,16,23,25,14,2003-6-19
3035,10,04,05,08,11,03,03,04,05,08,10,11,08,2003-6-22
3036,27,24,21,07,25,28,07,21,24,25,27,28,15,2003-6-26
3037,14,32,26,09,18,17,09,14,17,18,26,32,07,2003-6-29
3038,08,07,24,05,25,27,05,07,08,24,25,27,16,2003-7-3
3039,05,27,24,23,03,32,03,05,23,24,27,32,03,2003-7-6
3040,23,14,04,05,12,06,04,05,06,12,14,23,16,2003-7-10
3041,17,18,24,03,02,25,02,03,17,18,24,25,11,2003-7-13
3042,20,05,10,15,03,07,03,05,07,10,15,20,07,2003-7-17
3043,20,02,08,19,10,32,02,08,10,19,20,32,13,2003-7-20
3044,16,33,32,09,05,02,02,05,09,16,32,33,15,2003-7-24
3045,03,15,17,07,32,14,03,07,14,15,17,32,03,2003-7-27
3046,11,10,07,08,17,26,07,08,10,11,17,26,11,2003-7-31
3047,03,32,17,26,33,28,03,17,26,28,32,33,16,2003-8-3
3048,31,28,30,20,12,10,10,12,20,28,30,31,09,2003-8-7
3049,24,25,13,03,06,07,03,06,07,13,24,25,15,2003-8-10
3050,24,23,26,02,17,08,02,08,17,23,24,26,13,2003-8-14
3051,13,04,17,24,27,15,04,13,15,17,24,27,01,2003-8-17
3052,01,30,12,13,31,23,01,12,13,23,30,31,11,2003-8-21
3053,20,29,19,21,28,15,15,19,20,21,28,29,13,2003-8-24
3054,09,02,33,21,31,05,02,05,09,21,31,33,12,2003-8-28
3055,28,13,16,06,31,21,06,13,16,21,28,31,16,2003-8-31
3056,17,08,28,29,21,26,08,17,21,26,28,29,07,2003-9-4
3057,25,31,18,24,30,19,18,19,24,25,30,31,16,2003-9-7
3058,11,32,33,16,09,28,09,11,16,28,32,33,02,2003-9-11
3059,06,05,03,30,18,02,02,03,05,06,18,30,04,2003-9-14
3060,06,28,04,17,02,21,02,04,06,17,21,28,11,2003-9-18
3061,28,20,32,21,05,03,03,05,20,21,28,32,02,2003-9-21
3062,12,06,01,20,19,32,01,06,12,19,20,32,14,2003-9-25
3063,08,09,33,05,14,21,05,08,09,14,21,33,11,2003-9-28
3064,04,30,06,15,08,12,04,06,08,12,15,30,01,2003-10-2
3065,30,06,15,16,17,33,06,15,16,17,30,33,11,2003-10-5
3066,32,20,07,03,08,24,03,07,08,20,24,32,14,2003-10-9
3067,13,12,31,11,27,05,05,11,12,13,27,31,10,2003-10-12
3068,27,09,25,32,19,33,09,19,25,27,32,33,11,2003-10-16
3069,16,28,19,07,11,26,07,11,16,19,26,28,11,2003-10-19
3070,17,02,01,18,04,19,01,02,04,17,18,19,08,2003-10-23
3071,11,09,33,12,14,15,09,11,12,14,15,33,11,2003-10-26
3072,27,03,19,06,08,11,03,06,08,11,19,27,11,2003-10-30
3073,21,23,14,12,02,30,02,12,14,21,23,30,13,2003-11-2
3074,32,12,02,22,19,27,02,12,19,22,27,32,01,2003-11-6
3075,17,22,31,33,16,19,16,17,19,22,31,33,11,2003-11-9
3076,13,18,29,20,01,16,01,13,16,18,20,29,02,2003-11-13
3077,24,16,12,04,22,25,04,12,16,22,24,25,06,2003-11-16
3078,26,23,30,12,29,07,07,12,23,26,29,30,11,2003-11-20
3079,23,31,22,12,26,15,12,15,22,23,26,31,04,2003-11-23
3080,24,28,20,09,30,25,09,20,24,25,28,30,10,2003-11-27
3081,01,02,29,26,30,14,01,02,14,26,29,30,07,2003-11-30
3082,18,30,31,07,17,19,07,17,18,19,30,31,14,2003-12-4
3083,28,01,18,14,03,26,01,03,14,18,26,28,01,2003-12-7
3084,07,17,10,02,06,33,02,06,07,10,17,33,03,2003-12-11
3085,19,01,04,12,11,27,01,04,11,12,19,27,14,2003-12-14
3086,18,30,16,05,26,12,05,12,16,18,26,30,13,2003-12-18
3087,05,02,04,24,28,03,02,03,04,05,24,28,13,2003-12-21
3088,10,21,24,03,33,22,03,10,21,22,24,33,12,2003-12-25
3089,26,19,21,33,27,18,18,19,21,26,27,33,16,2003-12-28
4001,07,02,03,25,01,10,01,02,03,07,10,25,07,2004-1-1
4002,12,10,31,22,30,18,10,12,18,22,30,31,11,2004-1-4
4003,06,03,05,26,33,17,03,05,06,17,26,33,08,2004-1-8
4004,29,23,19,10,25,22,10,19,22,23,25,29,09,2004-1-11
4005,17,09,16,13,18,11,09,11,13,16,17,18,07,2004-1-15
4006,12,20,23,32,18,04,04,12,18,20,23,32,06,2004-1-18
4007,25,12,17,28,20,04,04,12,17,20,25,28,09,2004-1-29
4008,01,33,32,22,10,07,01,07,10,22,32,33,13,2004-2-1
4009,16,10,09,24,01,22,01,09,10,16,22,24,11,2004-2-5
4010,19,07,14,13,08,06,06,07,08,13,14,19,15,2004-2-8
4011,28,13,04,01,23,30,01,04,13,23,28,30,03,2004-2-12
4012,31,33,07,30,01,27,01,07,27,30,31,33,08,2004-2-15
4013,21,29,14,12,30,32,12,14,21,29,30,32,13,2004-2-19
4014,07,26,11,03,20,17,03,07,11,17,20,26,12,2004-2-22
4015,22,23,01,05,18,03,01,03,05,18,22,23,13,2004-2-26
4016,30,32,04,28,08,07,04,07,08,28,30,32,05,2004-2-29
4017,15,31,25,12,14,05,05,12,14,15,25,31,09,2004-3-4
4018,05,06,28,08,02,30,02,05,06,08,28,30,06,2004-3-7
4019,11,24,32,23,05,10,05,10,11,23,24,32,04,2004-3-11
4020,22,01,31,02,28,09,01,02,09,22,28,31,04,2004-3-14
4021,26,05,09,27,17,11,05,09,11,17,26,27,10,2004-3-18
4022,30,14,10,03,20,19,03,10,14,19,20,30,06,2004-3-21
4023,30,14,19,01,08,17,01,08,14,17,19,30,03,2004-3-25
4024,25,21,13,32,23,01,01,13,21,23,25,32,06,2004-3-28
4025,33,10,08,29,24,07,07,08,10,24,29,33,04,2004-4-1
4026,28,04,10,32,18,14,04,10,14,18,28,32,15,2004-4-4
4027,05,32,01,09,10,18,01,05,09,10,18,32,11,2004-4-8
4028,10,02,01,03,05,22,01,02,03,05,10,22,12,2004-4-11
4029,13,32,22,24,20,09,09,13,20,22,24,32,05,2004-4-15
4030,26,17,01,31,09,07,01,07,09,17,26,31,05,2004-4-18
4031,21,24,19,06,20,03,03,06,19,20,21,24,11,2004-4-22
4032,02,15,08,31,11,05,02,05,08,11,15,31,13,2004-4-25
4033,04,09,08,20,01,19,01,04,08,09,19,20,01,2004-4-29
4034,02,20,07,30,13,27,02,07,13,20,27,30,14,2004-5-2
4035,08,30,27,32,26,02,02,08,26,27,30,32,16,2004-5-6
4036,02,13,26,30,18,17,02,13,17,18,26,30,01,2004-5-9
4037,26,04,11,17,20,03,03,04,11,17,20,26,05,2004-5-13
4038,29,11,25,17,16,28,11,16,17,25,28,29,07,2004-5-16
4039,29,25,18,16,10,26,10,16,18,25,26,29,03,2004-5-20
4040,07,29,21,17,19,20,07,17,19,20,21,29,11,2004-5-23
4041,17,25,29,22,10,08,08,10,17,22,25,29,14,2004-5-27
4042,06,10,21,17,13,18,06,10,13,17,18,21,02,2004-5-30
4043,09,10,24,21,04,22,04,09,10,21,22,24,10,2004-6-3
4044,12,06,07,31,32,02,02,06,07,12,31,32,05,2004-6-6
4045,26,01,18,27,12,28,01,12,18,26,27,28,13,2004-6-10
4046,15,16,23,07,32,22,07,15,16,22,23,32,14,2004-6-13
4047,08,27,31,11,01,07,01,07,08,11,27,31,06,2004-6-17
4048,29,11,08,17,09,16,08,09,11,16,17,29,09,2004-6-20
4049,14,11,25,12,29,16,11,12,14,16,25,29,09,2004-6-24
4050,19,25,06,07,21,29,06,07,19,21,25,29,02,2004-6-27
4051,29,10,15,09,02,03,02,03,09,10,15,29,11,2004-7-1
4052,15,29,17,01,14,12,01,12,14,15,17,29,09,2004-7-4
4053,25,04,02,09,24,03,02,03,04,09,24,25,02,2004-7-8
4054,09,28,11,16,14,27,09,11,14,16,27,28,11,2004-7-11
4055,32,25,08,19,06,29,06,08,19,25,29,32,07,2004-7-15
4056,20,01,30,29,25,21,01,20,21,25,29,30,02,2004-7-18
4057,25,23,28,05,32,21,05,21,23,25,28,32,04,2004-7-22
4058,12,27,01,08,31,11,01,08,11,12,27,31,12,2004-7-25
4059,11,23,04,26,07,19,04,07,11,19,23,26,10,2004-7-29
4060,27,24,28,11,03,05,03,05,11,24,27,28,15,2004-8-1
4061,16,23,19,13,33,20,13,16,19,20,23,33,09,2004-8-5
4062,01,27,25,28,29,12,01,12,25,27,28,29,13,2004-8-8
4063,16,07,28,13,10,27,07,10,13,16,27,28,07,2004-8-12
4064,18,14,15,31,20,27,14,15,18,20,27,31,04,2004-8-15
4065,13,14,32,29,33,27,13,14,27,29,32,33,08,2004-8-19
4066,23,24,25,13,05,20,05,13,20,23,24,25,03,2004-8-22
4067,06,01,13,32,16,07,01,06,07,13,16,32,04,2004-8-24
4068,31,11,24,02,13,08,02,08,11,13,24,31,15,2004-8-26
4069,02,20,29,22,11,15,02,11,15,20,22,29,05,2004-8-29
4070,21,33,30,10,22,12,10,12,21,22,30,33,06,2004-8-31
4071,21,03,08,16,17,29,03,08,16,17,21,29,06,2004-9-2
4072,33,30,15,28,08,18,08,15,18,28,30,33,14,2004-9-5
4073,16,07,23,28,02,13,02,07,13,16,23,28,16,2004-9-7
4074,19,26,06,15,05,29,05,06,15,19,26,29,13,2004-9-9
4075,27,07,21,18,26,28,07,18,21,26,27,28,07,2004-9-12
4076,17,13,03,25,05,31,03,05,13,17,25,31,07,2004-9-14
4077,08,10,09,26,14,16,08,09,10,14,16,26,07,2004-9-16
4078,04,24,21,26,10,05,04,05,10,21,24,26,05,2004-9-19
4079,13,30,07,14,19,17,07,13,14,17,19,30,03,2004-9-21
4080,20,26,24,03,23,08,03,08,20,23,24,26,16,2004-9-23
4081,03,24,05,32,21,27,03,05,21,24,27,32,06,2004-9-26
4082,24,20,29,03,30,27,03,20,24,27,29,30,15,2004-9-28
4083,16,33,28,14,30,27,14,16,27,28,30,33,06,2004-9-30
4084,21,08,04,25,01,11,01,04,08,11,21,25,14,2004-10-3
4085,29,11,08,32,03,30,03,08,11,29,30,32,01,2004-10-5
4086,19,10,27,25,13,18,10,13,18,19,25,27,01,2004-10-7
4087,26,08,25,03,01,07,01,03,07,08,25,26,14,2004-10-10
4088,19,10,22,02,24,32,02,10,19,22,24,32,14,2004-10-12
4089,14,25,17,28,30,20,14,17,20,25,28,30,14,2004-10-14
4090,01,24,20,32,18,33,01,18,20,24,32,33,12,2004-10-17
4091,33,13,14,30,21,09,09,13,14,21,30,33,01,2004-10-19
4092,28,08,01,31,13,04,01,04,08,13,28,31,02,2004-10-21
4093,11,33,32,14,27,20,11,14,20,27,32,33,05,2004-10-24
4094,09,05,10,24,25,13,05,09,10,13,24,25,08,2004-10-26
4095,22,19,28,32,30,27,19,22,27,28,30,32,01,2004-10-28
4096,16,30,04,12,01,20,01,04,12,16,20,30,15,2004-10-31
4097,26,31,10,29,20,19,10,19,20,26,29,31,14,2004-11-2
4098,13,12,26,25,03,31,03,12,13,25,26,31,03,2004-11-4
4099,10,22,05,33,26,21,05,10,21,22,26,33,02,2004-11-7
4100,08,14,33,06,09,24,06,08,09,14,24,33,15,2004-11-9
4101,26,02,25,09,14,19,02,09,14,19,25,26,15,2004-11-11
4102,32,12,09,28,03,15,03,09,12,15,28,32,01,2004-11-14
4103,05,02,09,21,16,03,02,03,05,09,16,21,02,2004-11-16
4104,17,18,11,29,24,07,07,11,17,18,24,29,05,2004-11-18
4105,09,21,07,23,10,30,07,09,10,21,23,30,12,2004-11-21
4106,26,23,15,29,28,10,10,15,23,26,28,29,12,2004-11-23
4107,20,18,01,08,13,12,01,08,12,13,18,20,07,2004-11-25
4108,27,14,28,31,08,13,08,13,14,27,28,31,12,2004-11-28
4109,17,08,10,06,31,30,06,08,10,17,30,31,14,2004-11-30
4110,19,14,20,21,31,22,14,19,20,21,22,31,11,2004-12-2
4111,31,26,18,20,16,11,11,16,18,20,26,31,02,2004-12-5
4112,21,15,09,13,33,26,09,13,15,21,26,33,06,2004-12-7
4113,08,32,10,25,31,23,08,10,23,25,31,32,07,2004-12-10
4114,09,06,22,01,17,21,01,06,09,17,21,22,01,2004-12-13
4115,20,33,16,30,02,31,02,16,20,30,31,33,01,2004-12-14
4116,14,33,03,01,05,08,01,03,05,08,14,33,03,2004-12-16
4117,25,03,14,24,07,01,01,03,07,14,24,25,07,2004-12-19
4118,12,07,30,03,04,31,03,04,07,12,30,31,15,2004-12-21
4119,20,25,06,18,09,33,06,09,18,20,25,33,06,2004-12-23
4120,07,27,08,21,32,18,07,08,18,21,27,32,10,2004-12-26
4121,32,30,18,07,13,16,07,13,16,18,30,32,10,2004-12-28
4122,31,14,11,22,03,24,03,11,14,22,24,31,15,2004-12-30
5001,08,27,28,23,01,07,01,07,08,23,27,28,14,2005-1-2
5002,09,26,28,33,20,06,06,09,20,26,28,33,14,2005-1-4
5003,22,12,19,31,15,09,09,12,15,19,22,31,16,2005-1-6
5004,08,09,01,22,23,04,01,04,08,09,22,23,03,2005-1-9
5005,28,09,20,26,33,05,05,09,20,26,28,33,15,2005-1-11
5006,31,05,02,21,04,15,02,04,05,15,21,31,16,2005-1-13
5007,33,07,20,17,15,23,07,15,17,20,23,33,15,2005-1-16
5008,33,32,11,22,27,19,11,19,22,27,32,33,11,2005-1-18
5009,31,02,29,22,17,27,02,17,22,27,29,31,14,2005-1-20
5010,18,08,11,26,25,10,08,10,11,18,25,26,01,2005-1-23
5011,09,13,15,30,11,22,09,11,13,15,22,30,15,2005-1-25
5012,06,02,22,16,31,03,02,03,06,16,22,31,05,2005-1-27
5013,20,07,24,19,08,16,07,08,16,19,20,24,06,2005-1-30
5014,32,21,19,30,13,23,13,19,21,23,30,32,05,2005-2-1
5015,04,09,08,16,29,17,04,08,09,16,17,29,15,2005-2-3
5016,12,01,30,06,16,05,01,05,06,12,16,30,15,2005-2-6
5017,25,10,31,27,02,06,02,06,10,25,27,31,03,2005-2-16
5018,23,25,22,01,06,03,01,03,06,22,23,25,06,2005-2-17
5019,12,06,11,19,13,22,06,11,12,13,19,22,08,2005-2-20
5020,20,25,19,29,14,16,14,16,19,20,25,29,05,2005-2-22
5021,31,24,26,30,06,02,02,06,24,26,30,31,16,2005-2-24
5022,10,32,08,33,12,21,08,10,12,21,32,33,04,2005-2-27
5023,19,20,21,10,25,15,10,15,19,20,21,25,12,2005-3-1
5024,09,27,14,05,31,32,05,09,14,27,31,32,13,2005-3-3
5025,32,07,13,10,11,01,01,07,10,11,13,32,07,2005-3-6
5026,06,26,14,25,12,20,06,12,14,20,25,26,07,2005-3-8
5027,03,01,32,06,21,04,01,03,04,06,21,32,15,2005-3-10
5028,09,26,25,32,22,04,04,09,22,25,26,32,10,2005-3-13
5029,02,14,21,22,30,27,02,14,21,22,27,30,14,2005-3-15
5030,09,22,28,14,05,01,01,05,09,14,22,28,05,2005-3-17
5031,16,20,32,10,04,23,04,10,16,20,23,32,07,2005-3-20
5032,19,20,15,25,05,29,05,15,19,20,25,29,03,2005-3-22
5033,08,07,20,12,14,19,07,08,12,14,19,20,07,2005-3-24
5034,28,17,05,25,32,18,05,17,18,25,28,32,09,2005-3-27
5035,21,28,29,30,16,12,12,16,21,28,29,30,14,2005-3-29
5036,26,19,31,21,12,20,12,19,20,21,26,31,15,2005-3-31
5037,32,07,14,24,22,12,07,12,14,22,24,32,16,2005-4-3
5038,28,11,27,20,07,04,04,07,11,20,27,28,16,2005-4-5
5039,16,21,02,19,29,18,02,16,18,19,21,29,09,2005-4-7
5040,30,21,24,32,12,01,01,12,21,24,30,32,13,2005-4-10
5041,16,23,11,29,24,02,02,11,16,23,24,29,03,2005-4-12
5042,30,16,27,26,11,21,11,16,21,26,27,30,15,2005-4-14
5043,04,05,08,07,32,06,04,05,06,07,08,32,05,2005-4-17
5044,18,22,06,17,16,01,01,06,16,17,18,22,09,2005-4-19
5045,18,07,15,10,01,20,01,07,10,15,18,20,10,2005-4-21
5046,16,09,22,18,24,20,09,16,18,20,22,24,05,2005-4-24
5047,07,05,02,03,08,27,02,03,05,07,08,27,15,2005-4-26
5048,16,10,06,28,07,08,06,07,08,10,16,28,02,2005-4-28
5049,02,03,08,27,10,25,02,03,08,10,25,27,12,2005-5-1
5050,02,26,32,09,20,12,02,09,12,20,26,32,13,2005-5-3
5051,21,14,20,03,19,06,03,06,14,19,20,21,02,2005-5-5
5052,01,14,17,32,02,30,01,02,14,17,30,32,01,2005-5-8
5053,04,07,14,29,27,10,04,07,10,14,27,29,09,2005-5-10
5054,29,17,13,05,18,21,05,13,17,18,21,29,14,2005-5-12
5055,30,05,32,22,20,33,05,20,22,30,32,33,09,2005-5-15
5056,19,31,27,17,12,29,12,17,19,27,29,31,09,2005-5-17
5057,06,05,15,10,30,31,05,06,10,15,30,31,13,2005-5-19
5058,06,21,26,10,25,04,04,06,10,21,25,26,10,2005-5-22
5059,24,07,11,18,14,29,07,11,14,18,24,29,07,2005-5-24
5060,33,25,09,21,12,31,09,12,21,25,31,33,13,2005-5-26
5061,09,24,23,14,21,05,05,09,14,21,23,24,01,2005-5-29
5062,02,11,23,12,07,20,02,07,11,12,20,23,07,2005-5-31
5063,18,30,02,13,22,11,02,11,13,18,22,30,04,2005-6-2
5064,18,32,30,10,27,23,10,18,23,27,30,32,08,2005-6-5
5065,12,16,21,17,23,22,12,16,17,21,22,23,16,2005-6-7
5066,02,04,10,25,28,11,02,04,10,11,25,28,05,2005-6-9
5067,16,26,21,03,20,12,03,12,16,20,21,26,16,2005-6-12
5068,33,01,25,08,13,10,01,08,10,13,25,33,13,2005-6-14
5069,33,07,31,24,09,21,07,09,21,24,31,33,12,2005-6-16
5070,04,08,26,14,16,03,03,04,08,14,16,26,04,2005-6-19
5071,08,16,14,12,04,22,04,08,12,14,16,22,10,2005-6-21
5072,20,06,24,33,10,19,06,10,19,20,24,33,11,2005-6-23
5073,01,09,06,08,18,20,01,06,08,09,18,20,01,2005-6-26
5074,29,26,06,18,09,20,06,09,18,20,26,29,09,2005-6-28
5075,16,18,11,13,31,14,11,13,14,16,18,31,14,2005-6-30
5076,04,22,28,11,25,09,04,09,11,22,25,28,13,2005-7-3
5077,22,17,33,24,08,32,08,17,22,24,32,33,16,2005-7-5
5078,15,20,32,26,03,11,03,11,15,20,26,32,11,2005-7-7
5079,24,28,25,03,09,20,03,09,20,24,25,28,05,2005-7-10
5080,14,12,32,26,27,01,01,12,14,26,27,32,16,2005-7-12
5081,10,02,30,26,12,04,02,04,10,12,26,30,03,2005-7-14
5082,07,01,19,20,11,14,01,07,11,14,19,20,12,2005-7-17
5083,05,16,09,03,14,30,03,05,09,14,16,30,13,2005-7-19
5084,01,07,15,02,20,19,01,02,07,15,19,20,03,2005-7-21
5085,22,14,08,13,09,20,08,09,13,14,20,22,12,2005-7-24
5086,24,11,07,12,27,29,07,11,12,24,27,29,12,2005-7-26
5087,23,15,16,08,09,26,08,09,15,16,23,26,08,2005-7-28
5088,24,18,03,20,07,01,01,03,07,18,20,24,07,2005-7-31
5089,05,26,19,31,23,20,05,19,20,23,26,31,12,2005-8-2
5090,09,21,25,29,01,32,01,09,21,25,29,32,03,2005-8-4
5091,27,12,26,15,11,01,01,11,12,15,26,27,13,2005-8-7
5092,08,31,19,28,26,13,08,13,19,26,28,31,10,2005-8-9
5093,23,06,29,25,17,04,04,06,17,23,25,29,14,2005-8-11
5094,33,27,03,05,09,23,03,05,09,23,27,33,03,2005-8-14
5095,12,28,09,29,18,21,09,12,18,21,28,29,05,2005-8-16
5096,26,17,04,33,05,18,04,05,17,18,26,33,04,2005-8-18
5097,28,10,05,27,30,23,05,10,23,27,28,30,15,2005-8-21
5098,33,15,12,31,22,19,12,15,19,22,31,33,01,2005-8-23
5099,16,13,31,10,24,22,10,13,16,22,24,31,09,2005-8-25
5100,04,02,31,09,14,16,02,04,09,14,16,31,03,2005-8-28
5101,22,09,19,21,16,24,09,16,19,21,22,24,12,2005-8-30
5102,14,06,05,24,02,31,02,05,06,14,24,31,12,2005-9-1
5103,04,18,30,16,23,07,04,07,16,18,23,30,07,2005-9-4
5104,04,02,23,21,30,33,02,04,21,23,30,33,09,2005-9-6
5105,23,15,32,04,33,30,04,15,23,30,32,33,03,2005-9-8
5106,13,31,01,11,24,26,01,11,13,24,26,31,13,2005-9-11
5107,09,25,26,24,10,20,09,10,20,24,25,26,11,2005-9-13
5108,12,30,29,10,03,24,03,10,12,24,29,30,06,2005-9-15
5109,31,03,17,15,05,13,03,05,13,15,17,31,04,2005-9-18
5110,07,10,16,19,24,25,07,10,16,19,24,25,09,2005-9-20
5111,03,07,15,16,19,29,03,07,15,16,19,29,09,2005-9-22
5112,30,29,04,28,12,22,04,12,22,28,29,30,16,2005-9-25
5113,26,18,27,22,20,15,15,18,20,22,26,27,03,2005-9-27
5114,15,21,10,27,07,06,06,07,10,15,21,27,06,2005-9-29
5115,33,18,03,12,23,30,03,12,18,23,30,33,02,2005-10-2
5116,15,30,14,06,08,04,04,06,08,14,15,30,10,2005-10-4
5117,28,22,27,06,17,32,06,17,22,27,28,32,03,2005-10-6
5118,15,04,09,26,12,31,04,09,12,15,26,31,16,2005-10-9
5119,01,20,11,18,22,07,01,07,11,18,20,22,02,2005-10-11
5120,18,06,01,13,32,30,01,06,13,18,30,32,14,2005-10-13
5121,32,31,07,25,01,20,01,07,20,25,31,32,12,2005-10-16
5122,32,14,01,30,04,07,01,04,07,14,30,32,09,2005-10-18
5123,13,18,12,25,11,17,11,12,13,17,18,25,07,2005-10-20
5124,05,31,06,19,33,10,05,06,10,19,31,33,11,2005-10-23
5125,06,31,14,18,32,28,06,14,18,28,31,32,03,2005-10-25
5126,13,26,19,08,25,02,02,08,13,19,25,26,09,2005-10-27
5127,04,25,11,23,06,14,04,06,11,14,23,25,12,2005-10-30
5128,14,23,29,02,04,33,02,04,14,23,29,33,15,2005-11-1
5129,14,20,10,27,05,33,05,10,14,20,27,33,03,2005-11-3
5130,25,20,15,09,03,05,03,05,09,15,20,25,16,2005-11-6
5131,02,12,07,10,11,24,02,07,10,11,12,24,03,2005-11-8
5132,18,10,04,29,27,02,02,04,10,18,27,29,15,2005-11-10
5133,18,14,07,01,25,16,01,07,14,16,18,25,11,2005-11-13
5134,04,13,26,14,30,18,04,13,14,18,26,30,01,2005-11-15
5135,13,01,15,05,25,21,01,05,13,15,21,25,11,2005-11-17
5136,27,16,05,25,14,18,05,14,16,18,25,27,13,2005-11-20
5137,09,23,33,25,15,03,03,09,15,23,25,33,12,2005-11-22
5138,03,20,05,22,11,06,03,05,06,11,20,22,13,2005-11-24
5139,02,33,07,23,20,32,02,07,20,23,32,33,10,2005-11-27
5140,04,08,12,17,07,06,04,06,07,08,12,17,07,2005-11-29
5141,03,16,19,05,12,08,03,05,08,12,16,19,15,2005-12-1
5142,07,17,10,29,22,12,07,10,12,17,22,29,05,2005-12-4
5143,10,17,32,03,15,20,03,10,15,17,20,32,08,2005-12-6
5144,15,19,14,01,27,08,01,08,14,15,19,27,09,2005-12-8
5145,20,28,07,03,17,08,03,07,08,17,20,28,15,2005-12-11
5146,07,24,11,28,19,20,07,11,19,20,24,28,02,2005-12-13
5147,07,28,06,15,30,27,06,07,15,27,28,30,10,2005-12-15
5148,03,29,15,23,24,17,03,15,17,23,24,29,13,2005-12-18
5149,16,11,25,23,21,32,11,16,21,23,25,32,07,2005-12-20
5150,14,20,18,10,03,07,03,07,10,14,18,20,02,2005-12-22
5151,19,04,13,12,30,11,04,11,12,13,19,30,05,2005-12-25
5152,12,27,14,05,21,01,01,05,12,14,21,27,03,2005-12-27
5153,07,04,05,21,26,29,04,05,07,21,26,29,01,2005-12-29
6001,28,12,15,21,19,01,01,12,15,19,21,28,03,2006-1-1
6002,13,28,07,21,26,16,07,13,16,21,26,28,09,2006-1-3
6003,16,04,05,02,06,20,02,04,05,06,16,20,12,2006-1-5
6004,04,08,17,27,31,28,04,08,17,27,28,31,07,2006-1-8
6005,19,24,20,27,03,26,03,19,20,24,26,27,11,2006-1-10
6006,, , , , , ,08,21,22,23,26,32,14,2006-1-12
6007,32,27,33,16,18,04,04,16,18,27,32,33,07,2006-1-15
6008,18,28,05,03,32,09,03,05,09,18,28,32,16,2006-1-17
6009,26,08,05,20,30,06,05,06,08,20,26,30,06,2006-1-19
6010,04,29,06,19,12,27,04,06,12,19,27,29,08,2006-1-22
6011,31,08,05,27,07,14,05,07,08,14,27,31,11,2006-1-24
6012,31,09,11,33,13,27,09,11,13,27,31,33,10,2006-1-26
6013,16,05,01,21,06,12,01,05,06,12,16,21,11,2006-2-5
6014,32,33,14,29,06,26,06,14,26,29,32,33,07,2006-2-7
6015,29,09,32,02,03,15,02,03,09,15,29,32,03,2006-2-9
6016,01,07,17,23,30,13,01,07,13,17,23,30,16,2006-2-12
6017,31,08,33,04,32,03,03,04,08,31,32,33,02,2006-2-14
6018,17,26,24,14,01,13,01,13,14,17,24,26,05,2006-2-16
6019,22,13,32,06,26,04,04,06,13,22,26,32,07,2006-2-19
6020,26,21,23,05,29,09,05,09,21,23,26,29,06,2006-2-21
6021,21,22,01,02,20,05,01,02,05,20,21,22,09,2006-2-23
6022,04,03,16,13,27,02,02,03,04,13,16,27,13,2006-2-26
6023,13,14,04,19,23,28,04,13,14,19,23,28,08,2006-2-28
6024,02,11,27,09,07,21,02,07,09,11,21,27,06,2006-3-2
6025,24,03,17,04,19,32,03,04,17,19,24,32,05,2006-3-5
6026,02,01,32,29,22,18,01,02,18,22,29,32,03,2006-3-7
6027,27,06,08,11,16,14,06,08,11,14,16,27,15,2006-3-9
6028,14,07,27,16,17,05,05,07,14,16,17,27,04,2006-3-12
6029,04,14,03,07,19,09,03,04,07,09,14,19,08,2006-3-14
6030,32,20,15,08,13,17,08,13,15,17,20,32,14,2006-3-16
6031,16,32,03,10,31,12,03,10,12,16,31,32,14,2006-3-19
6032,24,20,26,18,05,31,05,18,20,24,26,31,09,2006-3-21
6033,15,23,27,31,22,20,15,20,22,23,27,31,06,2006-3-23
6034,33,16,10,02,17,15,02,10,15,16,17,33,13,2006-3-26
6035,03,29,09,13,21,27,03,09,13,21,27,29,13,2006-3-28
6036,10,07,04,17,16,21,04,07,10,16,17,21,09,2006-3-30
6037,32,25,12,02,24,23,02,12,23,24,25,32,14,2006-4-2
6038,19,02,17,30,22,14,02,14,17,19,22,30,10,2006-4-4
6039,19,31,32,16,28,22,16,19,22,28,31,32,03,2006-4-6
6040,25,15,26,28,33,22,15,22,25,26,28,33,03,2006-4-9
6041,28,18,16,21,10,03,03,10,16,18,21,28,04,2006-4-11
6042,26,03,28,16,31,23,03,16,23,26,28,31,11,2006-4-13
6043,32,16,12,13,05,23,05,12,13,16,23,32,03,2006-4-16
6044,10,21,02,18,30,31,02,10,18,21,30,31,05,2006-4-18
6045,21,07,06,20,10,14,06,07,10,14,20,21,04,2006-4-20
6046,32,18,29,31,13,23,13,18,23,29,31,32,08,2006-4-23
6047,17,32,02,20,28,22,02,17,20,22,28,32,03,2006-4-25
6048,19,29,32,25,09,13,09,13,19,25,29,32,12,2006-4-27
6049,10,12,20,06,17,13,06,10,12,13,17,20,03,2006-4-30
6050,15,31,25,12,06,02,02,06,12,15,25,31,07,2006-5-2
6051,30,27,02,07,17,06,02,06,07,17,27,30,16,2006-5-4
6052,27,32,26,24,30,11,11,24,26,27,30,32,03,2006-5-7
6053,28,31,17,01,27,11,01,11,17,27,28,31,02,2006-5-9
6054,03,10,07,05,28,30,03,05,07,10,28,30,04,2006-5-11
6055,04,31,28,05,29,33,04,05,28,29,31,33,11,2006-5-14
6056,13,25,21,11,23,15,11,13,15,21,23,25,08,2006-5-16
6057,18,03,17,04,21,31,03,04,17,18,21,31,08,2006-5-18
6058,12,24,22,01,25,23,01,12,22,23,24,25,14,2006-5-21
6059,17,27,29,10,05,15,05,10,15,17,27,29,11,2006-5-23
6060,30,19,15,32,05,23,05,15,19,23,30,32,14,2006-5-25
6061,19,25,05,30,13,17,05,13,17,19,25,30,11,2006-5-28
6062,30,18,24,26,22,23,18,22,23,24,26,30,01,2006-5-30
6063,23,24,15,21,04,05,04,05,15,21,23,24,08,2006-6-1
6064,28,03,12,24,21,14,03,12,14,21,24,28,11,2006-6-4
6065,08,30,29,17,28,04,04,08,17,28,29,30,13,2006-6-6
6066,18,33,11,06,30,08,06,08,11,18,30,33,05,2006-6-8
6067,08,07,16,11,24,17,07,08,11,16,17,24,13,2006-6-11
6068,10,30,14,33,03,07,03,07,10,14,30,33,10,2006-6-13
6069,20,16,29,30,22,05,05,16,20,22,29,30,08,2006-6-15
6070,13,20,03,11,02,27,02,03,11,13,20,27,02,2006-6-18
6071,29,31,19,11,05,12,05,11,12,19,29,31,01,2006-6-20
6072,20,21,03,02,05,24,02,03,05,20,21,24,08,2006-6-22
6073,16,13,18,29,05,27,05,13,16,18,27,29,12,2006-6-25
6074,19,03,33,01,25,15,01,03,15,19,25,33,04,2006-6-27
6075,22,23,21,25,10,33,10,21,22,23,25,33,11,2006-6-29
6076,32,29,17,21,04,10,04,10,17,21,29,32,14,2006-7-2
6077,19,13,09,12,08,33,08,09,12,13,19,33,09,2006-7-4
6078,05,22,17,33,31,03,03,05,17,22,31,33,12,2006-7-6
6079,11,06,20,17,13,32,06,11,13,17,20,32,08,2006-7-9
6080,26,22,15,29,17,20,15,17,20,22,26,29,09,2006-7-11
6081,14,18,21,16,22,32,14,16,18,21,22,32,04,2006-7-13
6082,15,03,13,28,29,23,03,13,15,23,28,29,09,2006-7-16
6083,18,29,09,19,26,07,07,09,18,19,26,29,10,2006-7-18
6084,12,17,21,25,28,01,01,12,17,21,25,28,12,2006-7-21
6085,18,06,21,24,25,02,02,06,18,21,24,25,08,2006-7-23
6086,06,10,04,31,26,24,04,06,10,24,26,31,06,2006-7-25
6087,09,12,08,04,30,05,04,05,08,09,12,30,05,2006-7-27
6088,25,03,11,24,20,26,03,11,20,24,25,26,01,2006-7-30
6089,01,16,22,13,18,19,01,13,16,18,19,22,01,2006-8-1
6090,20,02,11,15,23,29,02,11,15,20,23,29,11,2006-8-3
6091,08,12,22,07,24,21,07,08,12,21,22,24,07,2006-8-6
6092,08,02,20,21,16,11,02,08,11,16,20,21,14,2006-8-8
6093,16,19,12,23,18,02,02,12,16,18,19,23,05,2006-8-10
6094,17,18,33,16,24,15,15,16,17,18,24,33,13,2006-8-13
6095,29,17,03,20,21,01,01,03,17,20,21,29,16,2006-8-15
6096,33,09,18,13,05,01,01,05,09,13,18,33,14,2006-8-17
6097,11,20,14,15,26,27,11,14,15,20,26,27,12,2006-8-20
6098,10,06,07,11,18,23,06,07,10,11,18,23,16,2006-8-22
6099,12,24,27,18,09,23,09,12,18,23,24,27,05,2006-8-24
6100,32,30,26,18,01,11,01,11,18,26,30,32,03,2006-8-27
6101,12,09,27,26,28,20,09,12,20,26,27,28,16,2006-8-29
6102,19,20,24,13,01,04,01,04,13,19,20,24,11,2006-8-31
6103,28,12,31,25,14,15,12,14,15,25,28,31,06,2006-9-3
6104,07,03,22,28,31,27,03,07,22,27,28,31,11,2006-9-5
6105,15,14,31,05,12,20,05,12,14,15,20,31,01,2006-9-7
6106,02,28,12,19,14,33,02,12,14,19,28,33,10,2006-9-10
6107,30,13,08,01,17,06,01,06,08,13,17,30,07,2006-9-12
6108,08,06,30,24,02,20,02,06,08,20,24,30,09,2006-9-14
6109,05,18,17,01,26,23,01,05,17,18,23,26,13,2006-9-17
6110,14,33,18,12,09,27,09,12,14,18,27,33,13,2006-9-19
6111,11,08,22,01,17,16,01,08,11,16,17,22,15,2006-9-21
6112,13,33,31,15,04,09,04,09,13,15,31,33,11,2006-9-24
6113,14,18,28,05,33,17,05,14,17,18,28,33,02,2006-9-26
6114,29,27,08,20,14,10,08,10,14,20,27,29,16,2006-9-28
6115,01,29,26,20,28,10,01,10,20,26,28,29,15,2006-10-1
6116,33,21,32,22,05,16,05,16,21,22,32,33,09,2006-10-3
6117,20,22,23,26,14,06,06,14,20,22,23,26,09,2006-10-5
6118,01,07,08,03,30,10,01,03,07,08,10,30,05,2006-10-8
6119,01,20,30,27,02,14,01,02,14,20,27,30,02,2006-10-10
6120,08,15,06,24,33,14,06,08,14,15,24,33,09,2006-10-12
6121,04,03,06,33,31,27,03,04,06,27,31,33,06,2006-10-15
6122,24,06,05,22,08,04,04,05,06,08,22,24,03,2006-10-17
6123,20,02,25,03,28,32,02,03,20,25,28,32,06,2006-10-19
6124,31,18,13,32,14,12,12,13,14,18,31,32,13,2006-10-22
6125,19,33,32,30,23,15,15,19,23,30,32,33,06,2006-10-24
6126,02,16,24,33,08,13,02,08,13,16,24,33,09,2006-10-26
6127,11,03,17,19,04,30,03,04,11,17,19,30,01,2006-10-29
6128,30,21,33,15,31,04,04,15,21,30,31,33,05,2006-10-31
6129,29,18,22,14,27,09,09,14,18,22,27,29,12,2006-11-2
6130,12,32,30,22,01,21,01,12,21,22,30,32,02,2006-11-5
6131,04,09,26,33,03,22,03,04,09,22,26,33,01,2006-11-7
6132,26,33,14,06,30,22,06,14,22,26,30,33,01,2006-11-9
6133,29,04,20,31,25,06,04,06,20,25,29,31,03,2006-11-12
6134,13,30,28,26,18,10,10,13,18,26,28,30,12,2006-11-14
6135,23,19,04,22,21,31,04,19,21,22,23,31,04,2006-11-16
6136,15,24,22,21,11,17,11,15,17,21,22,24,05,2006-11-19
6137,14,31,27,10,17,21,10,14,17,21,27,31,09,2006-11-21
6138,04,11,09,26,17,18,04,09,11,17,18,26,08,2006-11-23
6139,07,08,14,23,21,25,07,08,14,21,23,25,05,2006-11-26
6140,23,08,18,01,19,11,01,08,11,18,19,23,05,2006-11-28
6141,25,31,22,18,16,23,16,18,22,23,25,31,11,2006-11-30
6142,27,10,26,22,16,19,10,16,19,22,26,27,16,2006-12-3
6143,29,01,15,31,32,20,01,15,20,29,31,32,08,2006-12-5
6144,22,04,29,13,10,16,04,10,13,16,22,29,06,2006-12-7
6145,02,07,23,31,26,28,02,07,23,26,28,31,07,2006-12-10
6146,28,23,30,09,03,13,03,09,13,23,28,30,05,2006-12-12
6147,01,17,31,15,27,04,01,04,15,17,27,31,01,2006-12-14
6148,08,12,13,23,29,04,04,08,12,13,23,29,01,2006-12-17
6149,05,02,15,32,11,03,02,03,05,11,15,32,15,2006-12-19
6150,27,25,09,18,08,12,08,09,12,18,25,27,12,2006-12-21
6151,04,22,03,06,16,01,01,03,04,06,16,22,08,2006-12-24
6152,01,20,25,31,14,27,01,14,20,25,27,31,15,2006-12-26
6153,30,33,01,20,11,07,01,07,11,20,30,33,10,2006-12-28
6154,07,18,14,30,20,33,07,14,18,20,30,33,13,2006-12-31
7001,26,02,20,10,09,04,02,04,09,10,20,26,14,2007-1-2
7002,22,20,06,14,21,05,05,06,14,20,21,22,01,2007-1-4
7003,05,22,09,27,11,12,05,09,11,12,22,27,15,2007-1-7
7004,25,03,33,07,10,13,03,07,10,13,25,33,10,2007-1-9
7005,06,24,16,01,05,30,01,05,06,16,24,30,12,2007-1-11
7006,27,14,06,22,26,10,06,10,14,22,26,27,11,2007-1-14
7007,32,15,04,17,22,12,04,12,15,17,22,32,14,2007-1-16
7008,04,25,18,05,19,01,01,04,05,18,19,25,10,2007-1-18
7009,15,04,27,02,25,14,02,04,14,15,25,27,15,2007-1-21
7010,32,30,17,08,14,03,03,08,14,17,30,32,05,2007-1-23
7011,03,33,25,28,15,10,03,10,15,25,28,33,16,2007-1-25
7012,05,03,28,21,26,07,03,05,07,21,26,28,04,2007-1-28
7013,05,32,27,15,29,18,05,15,18,27,29,32,05,2007-1-30
7014,24,13,16,01,20,26,01,13,16,20,24,26,09,2007-2-1
7015,04,30,03,22,18,08,03,04,08,18,22,30,15,2007-2-4
7016,18,01,22,20,26,33,01,18,20,22,26,33,05,2007-2-6
7017,25,09,24,10,05,32,05,09,10,24,25,32,14,2007-2-8
7018,26,21,20,01,12,18,01,12,18,20,21,26,11,2007-2-11
7019,23,11,31,04,29,16,04,11,16,23,29,31,14,2007-2-13
7020,20,05,31,10,28,16,05,10,16,20,28,31,14,2007-2-15
7021,11,25,03,06,31,09,03,06,09,11,25,31,13,2007-2-25
7022,07,10,27,02,18,04,02,04,07,10,18,27,10,2007-2-27
7023,13,33,03,07,17,32,03,07,13,17,32,33,02,2007-3-1
7024,27,25,09,17,32,08,08,09,17,25,27,32,06,2007-3-4
7025,18,26,03,22,16,23,03,16,18,22,23,26,03,2007-3-6
7026,16,04,29,14,26,01,01,04,14,16,26,29,10,2007-3-8
7027,24,22,03,09,27,02,02,03,09,22,24,27,11,2007-3-11
7028,03,20,13,30,08,29,03,08,13,20,29,30,11,2007-3-13
7029,19,06,08,21,11,09,06,08,09,11,19,21,10,2007-3-15
7030,30,16,27,22,03,21,03,16,21,22,27,30,04,2007-3-18
7031,04,19,12,06,31,10,04,06,10,12,19,31,01,2007-3-20
7032,08,16,32,24,04,30,04,08,16,24,30,32,16,2007-3-22
7033,18,04,03,17,11,28,03,04,11,17,18,28,09,2007-3-25
7034,14,02,09,12,25,23,02,09,12,14,23,25,16,2007-3-27
7035,31,01,29,12,08,04,01,04,08,12,29,31,06,2007-3-29
7036,03,21,23,14,30,31,03,14,21,23,30,31,10,2007-4-1
7037,23,10,11,31,16,33,10,11,16,23,31,33,16,2007-4-3
7038,11,30,21,03,14,19,03,11,14,19,21,30,05,2007-4-5
7039,27,24,07,06,29,19,06,07,19,24,27,29,01,2007-4-8
7040,19,30,14,13,24,15,13,14,15,19,24,30,10,2007-4-10
7041,03,09,31,26,01,11,01,03,09,11,26,31,12,2007-4-12
7042,19,03,32,16,13,33,03,13,16,19,32,33,08,2007-4-15
7043,03,30,10,14,11,08,03,08,10,11,14,30,05,2007-4-17
7044,09,24,21,20,13,32,09,13,20,21,24,32,08,2007-4-19
7045,28,12,30,21,18,01,01,12,18,21,28,30,10,2007-4-22
7046,06,19,26,09,07,02,02,06,07,09,19,26,14,2007-4-24
7047,04,23,16,02,18,30,02,04,16,18,23,30,06,2007-4-26
7048,02,12,11,17,28,15,02,11,12,15,17,28,12,2007-4-29
7049,04,33,19,31,14,18,04,14,18,19,31,33,02,2007-5-1
7050,25,13,18,05,01,08,01,05,08,13,18,25,02,2007-5-3
7051,14,33,03,27,26,16,03,14,16,26,27,33,13,2007-5-6
7052,03,02,08,07,26,29,02,03,07,08,26,29,07,2007-5-8
7053,13,17,18,16,27,10,10,13,16,17,18,27,11,2007-5-10
7054,28,16,18,23,03,01,01,03,16,18,23,28,05,2007-5-13
7055,28,29,22,02,06,11,02,06,11,22,28,29,02,2007-5-15
7056,32,21,31,14,17,29,14,17,21,29,31,32,12,2007-5-17
7057,19,11,18,20,21,05,05,11,18,19,20,21,09,2007-5-20
7058,25,08,10,07,13,27,07,08,10,13,25,27,07,2007-5-22
7059,04,01,03,06,29,07,01,03,04,06,07,29,14,2007-5-24
7060,29,08,19,01,02,16,01,02,08,16,19,29,05,2007-5-27
7061,07,11,20,06,23,01,01,06,07,11,20,23,05,2007-5-29
7062,30,08,17,20,33,29,08,17,20,29,30,33,09,2007-5-31
7063,15,28,24,17,10,26,10,15,17,24,26,28,12,2007-6-3
7064,21,09,02,23,06,16,02,06,09,16,21,23,16,2007-6-5
7065,21,19,31,25,07,04,04,07,19,21,25,31,07,2007-6-7
7066,32,33,11,24,16,05,05,11,16,24,32,33,08,2007-6-10
7067,11,13,23,06,21,17,06,11,13,17,21,23,11,2007-6-12
7068,23,18,19,11,28,22,11,18,19,22,23,28,01,2007-6-14
7069,32,12,04,03,14,11,03,04,11,12,14,32,12,2007-6-17
7070,18,30,15,06,17,08,06,08,15,17,18,30,12,2007-6-19
7071,01,14,21,31,06,30,01,06,14,21,30,31,09,2007-6-21
7072,04,13,14,33,02,08,02,04,08,13,14,33,16,2007-6-24
7073,11,28,05,31,09,19,05,09,11,19,28,31,02,2007-6-26
7074,28,13,27,25,15,08,08,13,15,25,27,28,03,2007-6-28
7075,17,22,32,13,16,30,13,16,17,22,30,32,03,2007-7-1
7076,06,16,15,12,20,31,06,12,15,16,20,31,02,2007-7-3
7077,14,28,06,08,21,29,06,08,14,21,28,29,02,2007-7-5
7078,07,23,04,06,25,32,04,06,07,23,25,32,01,2007-7-8
7079,20,25,03,14,21,04,03,04,14,20,21,25,14,2007-7-10
7080,18,08,29,16,01,19,01,08,16,18,19,29,04,2007-7-12
7081,24,33,19,15,09,14,09,14,15,19,24,33,13,2007-7-15
7082,32,17,05,15,25,18,05,15,17,18,25,32,15,2007-7-17
7083,14,21,11,18,26,20,11,14,18,20,21,26,05,2007-7-19
7084,14,20,12,06,27,10,06,10,12,14,20,27,10,2007-7-22
7085,30,02,29,19,17,12,02,12,17,19,29,30,12,2007-7-24
7086,08,05,29,27,22,14,05,08,14,22,27,29,16,2007-7-26
7087,21,03,05,04,08,01,01,03,04,05,08,21,09,2007-7-29
7088,28,02,33,04,10,29,02,04,10,28,29,33,06,2007-7-31
7089,19,28,08,07,03,15,03,07,08,15,19,28,03,2007-8-2
7090,30,31,27,05,13,11,05,11,13,27,30,31,02,2007-8-5
7091,30,11,32,17,31,02,02,11,17,30,31,32,07,2007-8-7
7092,24,14,23,18,22,33,14,18,22,23,24,33,09,2007-8-9
7093,13,05,10,19,29,15,05,10,13,15,19,29,02,2007-8-12
7094,19,03,24,18,05,32,03,05,18,19,24,32,02,2007-8-14
7095,08,06,32,18,01,29,01,06,08,18,29,32,07,2007-8-16
7096,32,22,10,09,20,30,09,10,20,22,30,32,08,2007-8-19
7097,04,13,26,18,30,08,04,08,13,18,26,30,11,2007-8-21
7098,03,02,19,11,05,20,02,03,05,11,19,20,12,2007-8-23
7099,31,03,33,04,27,14,03,04,14,27,31,33,05,2007-8-26
7100,18,27,29,30,32,08,08,18,27,29,30,32,06,2007-8-28
7101,18,16,15,22,30,21,15,16,18,21,22,30,14,2007-8-30
7102,18,08,33,06,04,20,04,06,08,18,20,33,11,2007-9-2
7103,25,07,27,32,30,09,07,09,25,27,30,32,01,2007-9-4
7104,20,08,12,14,32,02,02,08,12,14,20,32,04,2007-9-6
7105,17,07,10,29,23,02,02,07,10,17,23,29,14,2007-9-9
7106,12,18,21,24,25,29,12,18,21,24,25,29,08,2007-9-11
7107,28,09,08,02,24,18,02,08,09,18,24,28,10,2007-9-13
7108,33,12,07,20,13,03,03,07,12,13,20,33,02,2007-9-16
7109,01,07,14,13,04,08,01,04,07,08,13,14,04,2007-9-18
7110,07,04,15,28,02,24,02,04,07,15,24,28,03,2007-9-20
7111,17,09,12,13,02,10,02,09,10,12,13,17,11,2007-9-23
7112,16,07,32,14,25,11,07,11,14,16,25,32,11,2007-9-25
7113,18,23,31,25,26,04,04,18,23,25,26,31,10,2007-9-27
7114,27,12,15,05,33,24,05,12,15,24,27,33,05,2007-9-30
7115,16,20,01,26,10,05,01,05,10,16,20,26,02,2007-10-2
7116,11,05,07,27,17,03,03,05,07,11,17,27,13,2007-10-4
7117,32,07,26,10,09,03,03,07,09,10,26,32,01,2007-10-7
7118,32,18,04,25,16,10,04,10,16,18,25,32,15,2007-10-9
7119,31,08,25,03,11,13,03,08,11,13,25,31,12,2007-10-11
7120,12,07,18,11,06,25,06,07,11,12,18,25,01,2007-10-14
7121,21,03,28,22,10,27,03,10,21,22,27,28,06,2007-10-16
7122,07,04,32,24,26,19,04,07,19,24,26,32,09,2007-10-18
7123,28,01,23,13,15,32,01,13,15,23,28,32,02,2007-10-21
7124,19,03,32,07,13,16,03,07,13,16,19,32,16,2007-10-23
7125,05,33,03,27,18,20,03,05,18,20,27,33,01,2007-10-25
7126,31,26,10,19,09,23,09,10,19,23,26,31,09,2007-10-28
7127,28,13,09,24,16,06,06,09,13,16,24,28,11,2007-10-30
7128,27,21,31,19,10,09,09,10,19,21,27,31,05,2007-11-1
7129,07,20,22,21,05,30,05,07,20,21,22,30,08,2007-11-4
7130,05,09,31,27,03,11,03,05,09,11,27,31,04,2007-11-6
7131,05,22,07,03,27,16,03,05,07,16,22,27,05,2007-11-8
7132,22,23,01,21,09,16,01,09,16,21,22,23,05,2007-11-11
7133,06,33,13,11,07,03,03,06,07,11,13,33,10,2007-11-13
7134,01,10,04,18,13,25,01,04,10,13,18,25,15,2007-11-15
7135,11,16,01,31,33,26,01,11,16,26,31,33,16,2007-11-18
7136,25,01,18,02,21,29,01,02,18,21,25,29,14,2007-11-20
7137,20,08,22,07,18,03,03,07,08,18,20,22,03,2007-11-22
7138,25,17,19,03,02,15,02,03,15,17,19,25,16,2007-11-25
7139,06,16,14,10,22,12,06,10,12,14,16,22,06,2007-11-27
7140,01,05,22,26,16,21,01,05,16,21,22,26,11,2007-11-29
7141,03,31,06,02,17,04,02,03,04,06,17,31,08,2007-12-2
7142,30,25,20,26,11,27,11,20,25,26,27,30,08,2007-12-4
7143,24,26,22,01,23,06,01,06,22,23,24,26,04,2007-12-6
7144,08,28,14,32,25,23,08,14,23,25,28,32,16,2007-12-9
7145,31,11,25,09,08,12,08,09,11,12,25,31,11,2007-12-11
7146,18,04,30,24,22,26,04,18,22,24,26,30,09,2007-12-13
7147,24,26,18,07,03,27,03,07,18,24,26,27,04,2007-12-16
7148,28,03,17,16,23,09,03,09,16,17,23,28,07,2007-12-18
7149,01,19,30,28,17,22,01,17,19,22,28,30,03,2007-12-20
7150,13,11,03,05,24,19,03,05,11,13,19,24,05,2007-12-23
7151,11,23,06,25,10,01,01,06,10,11,23,25,02,2007-12-25
7152,30,17,21,29,11,33,11,17,21,29,30,33,08,2007-12-27
7153,04,01,31,20,19,25,01,04,19,20,25,31,15,2007-12-30
8001,14,29,04,09,07,02,02,04,07,09,14,29,03,2008-1-1
8002,04,18,22,25,03,29,03,04,18,22,25,29,09,2008-1-3
8003,17,08,06,13,11,19,06,08,11,13,17,19,12,2008-1-6
8004,29,27,08,04,23,22,04,08,22,23,27,29,08,2008-1-8
8005,03,24,25,22,15,05,03,05,15,22,24,25,15,2008-1-10
8006,18,27,14,22,16,01,01,14,16,18,22,27,14,2008-1-13
8007,30,22,13,17,23,01,01,13,17,22,23,30,11,2008-1-15
8008,02,16,27,15,23,26,02,15,16,23,26,27,07,2008-1-17
8009,21,31,32,09,30,29,09,21,29,30,31,32,16,2008-1-20
8010,03,08,27,17,21,11,03,08,11,17,21,27,09,2008-1-22
8011,17,14,30,21,32,02,02,14,17,21,30,32,03,2008-1-24
8012,20,05,03,16,04,30,03,04,05,16,20,30,13,2008-1-27
8013,28,08,02,15,16,22,02,08,15,16,22,28,10,2008-1-29
8014,11,31,03,21,17,09,03,09,11,17,21,31,14,2008-1-31
8015,33,08,06,29,11,16,06,08,11,16,29,33,03,2008-2-3
8016,14,03,21,29,12,33,03,12,14,21,29,33,13,2008-2-5
8017,20,22,02,07,17,05,02,05,07,17,20,22,02,2008-2-14
8018,33,23,06,05,02,26,02,05,06,23,26,33,13,2008-2-17
8019,31,09,11,02,17,27,02,09,11,17,27,31,05,2008-2-19
8020,28,30,15,10,03,13,03,10,13,15,28,30,03,2008-2-21
8021,12,26,20,28,19,09,09,12,19,20,26,28,15,2008-2-24
8022,28,24,32,12,20,18,12,18,20,24,28,32,05,2008-2-26
8023,18,25,32,08,16,26,08,16,18,25,26,32,02,2008-2-28
8024,28,20,26,30,11,21,11,20,21,26,28,30,13,2008-3-2
8025,17,08,21,19,16,18,08,16,17,18,19,21,14,2008-3-4
8026,05,29,17,19,32,27,05,17,19,27,29,32,03,2008-3-6
8027,18,23,24,26,19,15,15,18,19,23,24,26,13,2008-3-9
8028,26,01,32,29,13,21,01,13,21,26,29,32,10,2008-3-11
8029,09,01,14,22,29,32,01,09,14,22,29,32,12,2008-3-13
8030,15,28,18,19,20,06,06,15,18,19,20,28,11,2008-3-16
8031,06,31,21,03,11,15,03,06,11,15,21,31,13,2008-3-18
8032,14,21,28,16,23,05,05,14,16,21,23,28,13,2008-3-20
8033,18,30,33,12,17,31,12,17,18,30,31,33,04,2008-3-23
8034,03,29,05,09,21,11,03,05,09,11,21,29,09,2008-3-25
8035,18,07,29,14,11,17,07,11,14,17,18,29,16,2008-3-27
8036,18,02,28,23,06,13,02,06,13,18,23,28,16,2008-3-30
8037,01,22,12,31,24,28,01,12,22,24,28,31,06,2008-4-1
8038,10,03,09,11,19,15,03,09,10,11,15,19,13,2008-4-3
8039,07,13,01,10,22,29,01,07,10,13,22,29,01,2008-4-6
8040,25,22,27,06,28,13,06,13,22,25,27,28,09,2008-4-8
8041,27,22,20,23,11,08,08,11,20,22,23,27,04,2008-4-10
8042,12,09,24,04,03,11,03,04,09,11,12,24,01,2008-4-13
8043,33,16,22,10,27,03,03,10,16,22,27,33,14,2008-4-15
8044,26,09,29,05,20,07,05,07,09,20,26,29,09,2008-4-17
8045,21,10,32,13,01,29,01,10,13,21,29,32,04,2008-4-20
8046,16,18,28,24,33,15,15,16,18,24,28,33,15,2008-4-22
8047,14,22,13,12,09,20,09,12,13,14,20,22,10,2008-4-24
8048,30,27,32,11,21,18,11,18,21,27,30,32,01,2008-4-27
8049,13,03,10,25,12,19,03,10,12,13,19,25,04,2008-4-29
8050,27,11,01,26,19,24,01,11,19,24,26,27,03,2008-5-1
8051,04,08,01,13,10,33,01,04,08,10,13,33,11,2008-5-4
8052,31,02,29,23,10,17,02,10,17,23,29,31,10,2008-5-6
8053,21,12,19,20,06,27,06,12,19,20,21,27,04,2008-5-8
8054,02,16,17,25,06,20,02,06,16,17,20,25,07,2008-5-11
8055,26,16,23,11,19,31,11,16,19,23,26,31,04,2008-5-13
8056,08,30,22,23,13,25,08,13,22,23,25,30,07,2008-5-15
8057,28,20,30,21,19,26,19,20,21,26,28,30,08,2008-5-18
8058,27,21,12,31,01,29,01,12,21,27,29,31,11,2008-5-20
8059,06,15,02,32,29,31,02,06,15,29,31,32,16,2008-5-22
8060,32,30,06,08,17,07,06,07,08,17,30,32,03,2008-5-25
8061,02,05,12,01,31,26,01,02,05,12,26,31,06,2008-5-27
8062,17,24,27,06,13,08,06,08,13,17,24,27,15,2008-5-29
8063,14,09,05,17,11,16,05,09,11,14,16,17,15,2008-6-1
8064,01,12,07,02,09,18,01,02,07,09,12,18,12,2008-6-3
8065,13,30,19,31,15,05,05,13,15,19,30,31,05,2008-6-5
8066,07,21,22,30,12,29,07,12,21,22,29,30,08,2008-6-8
8067,19,11,10,26,33,15,10,11,15,19,26,33,13,2008-6-10
8068,05,23,29,17,07,27,05,07,17,23,27,29,07,2008-6-12
8069,08,05,26,17,20,30,05,08,17,20,26,30,10,2008-6-15
8070,12,33,06,15,18,05,05,06,12,15,18,33,13,2008-6-17
8071,21,01,26,27,06,28,01,06,21,26,27,28,09,2008-6-19
8072,18,01,05,22,10,30,01,05,10,18,22,30,09,2008-6-22
8073,22,13,28,33,09,01,01,09,13,22,28,33,08,2008-6-24
8074,24,19,15,11,20,01,01,11,15,19,20,24,09,2008-6-26
8075,18,22,01,14,30,08,01,08,14,18,22,30,03,2008-6-29
8076,18,11,05,13,07,02,02,05,07,11,13,18,11,2008-7-1
8077,30,26,04,12,33,22,04,12,22,26,30,33,09,2008-7-3
8078,13,30,16,26,33,06,06,13,16,26,30,33,01,2008-7-6
8079,32,05,20,04,03,10,03,04,05,10,20,32,09,2008-7-8
8080,14,04,25,29,22,32,04,14,22,25,29,32,14,2008-7-10
8081,25,31,18,13,12,02,02,12,13,18,25,31,04,2008-7-13
8082,08,04,26,21,10,12,04,08,10,12,21,26,09,2008-7-15
8083,09,29,07,08,18,32,07,08,09,18,29,32,09,2008-7-17
8084,20,13,04,30,07,29,04,07,13,20,29,30,16,2008-7-20
8085,24,01,20,12,04,29,01,04,12,20,24,29,15,2008-7-22
8086,27,10,26,30,04,05,04,05,10,26,27,30,12,2008-7-24
8087,30,01,29,31,07,26,01,07,26,29,30,31,06,2008-7-27
8088,06,17,08,23,16,01,01,06,08,16,17,23,05,2008-7-29
8089,22,27,03,16,11,06,03,06,11,16,22,27,11,2008-7-31
8090,14,19,02,24,18,07,02,07,14,18,19,24,01,2008-8-3
8091,31,23,03,12,14,32,03,12,14,23,31,32,10,2008-8-5
8092,28,27,30,18,03,01,01,03,18,27,28,30,05,2008-8-7
8093,26,16,04,10,12,28,04,10,12,16,26,28,07,2008-8-10
8094,28,01,15,23,16,04,01,04,15,16,23,28,14,2008-8-12
8095,08,14,21,29,28,03,03,08,14,21,28,29,03,2008-8-14
8096,08,06,27,24,12,31,06,08,12,24,27,31,14,2008-8-17
8097,06,16,17,03,08,09,03,06,08,09,16,17,13,2008-8-19
8098,11,10,06,07,15,30,06,07,10,11,15,30,01,2008-8-21
8099,24,23,22,15,16,10,10,15,16,22,23,24,07,2008-8-24
8100,08,14,21,28,27,17,08,14,17,21,27,28,14,2008-8-26
8101,26,17,21,30,09,28,09,17,21,26,28,30,04,2008-8-28
8102,07,32,03,25,12,21,03,07,12,21,25,32,05,2008-8-31
8103,22,12,33,16,01,18,01,12,16,18,22,33,04,2008-9-2
8104,31,24,03,06,08,17,03,06,08,17,24,31,01,2008-9-4
8105,27,19,05,17,28,32,05,17,19,27,28,32,02,2008-9-7
8106,27,29,30,14,25,19,14,19,25,27,29,30,15,2008-9-9
8107,13,22,32,18,27,06,06,13,18,22,27,32,04,2008-9-11
8108,30,15,09,23,17,10,09,10,15,17,23,30,12,2008-9-14
8109,28,07,04,16,21,09,04,07,09,16,21,28,10,2008-9-16
8110,16,22,10,29,23,31,10,16,22,23,29,31,02,2008-9-18
8111,21,18,17,31,25,32,17,18,21,25,31,32,06,2008-9-21
8112,19,14,13,23,22,05,05,13,14,19,22,23,06,2008-9-23
8113,06,10,22,09,12,17,06,09,10,12,17,22,09,2008-9-25
8114,24,25,04,09,20,31,04,09,20,24,25,31,14,2008-9-28
8115,18,13,17,02,12,14,02,12,13,14,17,18,06,2008-9-30
8116,03,21,24,22,29,07,03,07,21,22,24,29,14,2008-10-2
8117,03,33,05,07,10,14,03,05,07,10,14,33,07,2008-10-5
8118,27,04,31,33,09,16,04,09,16,27,31,33,01,2008-10-7
8119,09,05,07,29,24,15,05,07,09,15,24,29,07,2008-10-9
8120,11,24,33,22,10,26,10,11,22,24,26,33,02,2008-10-12
8121,27,02,22,31,23,32,02,22,23,27,31,32,06,2008-10-14
8122,14,19,08,11,02,26,02,08,11,14,19,26,15,2008-10-16
8123,10,16,15,29,25,11,10,11,15,16,25,29,02,2008-10-19
8124,22,07,21,10,13,01,01,07,10,13,21,22,03,2008-10-21
8125,15,26,11,29,10,12,10,11,12,15,26,29,09,2008-10-23
8126,20,04,14,12,11,30,04,11,12,14,20,30,13,2008-10-26
8127,05,08,30,22,19,27,05,08,19,22,27,30,13,2008-10-28
8128,01,33,27,05,19,20,01,05,19,20,27,33,05,2008-10-30
8129,01,24,18,32,03,25,01,03,18,24,25,32,15,2008-11-2
8130,18,32,28,30,01,12,01,12,18,28,30,32,06,2008-11-4
8131,32,02,22,18,12,15,02,12,15,18,22,32,08,2008-11-6
8132,16,13,33,25,27,09,09,13,16,25,27,33,08,2008-11-9
8133,26,24,08,19,11,16,08,11,16,19,24,26,11,2008-11-11
8134,32,20,19,10,15,28,10,15,19,20,28,32,02,2008-11-13
8135,21,16,15,14,05,19,05,14,15,16,19,21,15,2008-11-16
8136,18,10,28,05,09,12,05,09,10,12,18,28,02,2008-11-18
8137,04,29,01,33,24,28,01,04,24,28,29,33,09,2008-11-20
8138,32,25,19,07,14,23,07,14,19,23,25,32,04,2008-11-23
8139,19,08,23,25,09,26,08,09,19,23,25,26,07,2008-11-25
8140,30,16,07,31,29,14,07,14,16,29,30,31,14,2008-11-27
8141,25,13,03,20,29,33,03,13,20,25,29,33,15,2008-11-30
8142,05,13,17,06,28,10,05,06,10,13,17,28,15,2008-12-2
8143,18,26,19,12,17,27,12,17,18,19,26,27,06,2008-12-4
8144,05,10,29,27,33,02,02,05,10,27,29,33,15,2008-12-7
8145,22,29,18,13,07,26,07,13,18,22,26,29,02,2008-12-9
8146,07,19,31,32,17,08,07,08,17,19,31,32,10,2008-12-11
8147,33,22,08,26,07,14,07,08,14,22,26,33,02,2008-12-14
8148,22,09,26,05,28,03,03,05,09,22,26,28,09,2008-12-16
8149,14,29,28,33,22,10,10,14,22,28,29,33,02,2008-12-18
8150,22,24,32,04,29,19,04,19,22,24,29,32,02,2008-12-21
8151,10,17,08,14,06,19,06,08,10,14,17,19,06,2008-12-23
8152,30,22,04,26,01,06,01,04,06,22,26,30,08,2008-12-25
8153,30,18,24,01,21,04,01,04,18,21,24,30,16,2008-12-28
8154,21,02,05,22,07,26,02,05,07,21,22,26,08,2008-12-30
9001,04,24,21,31,23,30,04,21,23,24,30,31,04,2009-1-1
9002,29,33,10,25,17,14,10,14,17,25,29,33,14,2009-1-4
9003,03,25,15,30,06,02,02,03,06,15,25,30,02,2009-1-6
9004,28,03,13,17,31,11,03,11,13,17,28,31,03,2009-1-8
9005,15,01,17,08,21,03,01,03,08,15,17,21,13,2009-1-11
9006,06,12,33,26,18,20,06,12,18,20,26,33,02,2009-1-13
9007,25,01,26,12,23,05,01,05,12,23,25,26,15,2009-1-15
9008,04,33,22,15,16,32,04,15,16,22,32,33,02,2009-1-18
9009,30,31,33,08,21,15,08,15,21,30,31,33,02,2009-1-20
9010,17,19,03,20,10,24,03,10,17,19,20,24,02,2009-1-22
9011,18,23,04,14,02,13,02,04,13,14,18,23,15,2009-2-1
9012,14,17,05,11,18,28,05,11,14,17,18,28,01,2009-2-3
9013,08,21,09,04,27,26,04,08,09,21,26,27,09,2009-2-5
9014,03,15,14,06,18,09,03,06,09,14,15,18,02,2009-2-8
9015,15,04,32,17,06,02,02,04,06,15,17,32,05,2009-2-10
9016,13,16,02,07,33,20,02,07,13,16,20,33,03,2009-2-12
9017,26,15,25,14,19,06,06,14,15,19,25,26,08,2009-2-15
9018,05,06,30,27,19,02,02,05,06,19,27,30,15,2009-2-17
9019,26,17,19,27,06,20,06,17,19,20,26,27,04,2009-2-19
9020,07,03,19,10,23,05,03,05,07,10,19,23,13,2009-2-22
9021,24,05,17,01,04,27,01,04,05,17,24,27,09,2009-2-24
9022,11,10,09,18,08,05,05,08,09,10,11,18,08,2009-2-26
9023,01,15,07,24,06,30,01,06,07,15,24,30,08,2009-3-1
9024,30,33,01,23,03,17,01,03,17,23,30,33,12,2009-3-3
9025,20,26,23,22,10,33,10,20,22,23,26,33,11,2009-3-5
9026,20,17,11,18,15,30,11,15,17,18,20,30,16,2009-3-8
9027,27,07,16,32,02,11,02,07,11,16,27,32,06,2009-3-10
9028,03,15,06,23,12,26,03,06,12,15,23,26,10,2009-3-12
9029,15,13,23,22,29,12,12,13,15,22,23,29,13,2009-3-15
9030,26,32,24,14,28,08,08,14,24,26,28,32,07,2009-3-17
9031,03,01,30,02,33,15,01,02,03,15,30,33,01,2009-3-19
9032,09,12,11,27,32,19,09,11,12,19,27,32,06,2009-3-22
9033,08,13,07,30,14,29,07,08,13,14,29,30,06,2009-3-24
9034,21,18,26,12,22,09,09,12,18,21,22,26,07,2009-3-26
9035,29,26,31,15,06,21,06,15,21,26,29,31,05,2009-3-29
9036,33,06,09,23,32,18,06,09,18,23,32,33,07,2009-3-31
9037,18,20,15,06,31,02,02,06,15,18,20,31,03,2009-4-2
9038,13,12,23,28,15,32,12,13,15,23,28,32,05,2009-4-5
9039,27,12,14,15,21,05,05,12,14,15,21,27,03,2009-4-7
9040,04,07,26,10,30,20,04,07,10,20,26,30,12,2009-4-9
9041,28,23,26,01,08,33,01,08,23,26,28,33,08,2009-4-12
9042,08,30,22,23,16,27,08,16,22,23,27,30,11,2009-4-14
9043,26,10,18,04,15,09,04,09,10,15,18,26,07,2009-4-16
9044,30,11,18,26,16,14,11,14,16,18,26,30,01,2009-4-19
9045,32,04,30,23,03,06,03,04,06,23,30,32,01,2009-4-21
9046,21,16,20,29,26,30,16,20,21,26,29,30,09,2009-4-23
9047,11,06,22,21,15,08,06,08,11,15,21,22,16,2009-4-26
9048,07,17,11,15,03,31,03,07,11,15,17,31,01,2009-4-28
9049,30,12,14,09,20,31,09,12,14,20,30,31,06,2009-4-30
9050,24,30,29,21,13,32,13,21,24,29,30,32,04,2009-5-3
9051,10,16,23,06,13,21,06,10,13,16,21,23,07,2009-5-5
9052,11,15,21,30,09,19,09,11,15,19,21,30,08,2009-5-7
9053,19,28,12,07,22,18,07,12,18,19,22,28,04,2009-5-10
9054,26,32,23,17,31,16,16,17,23,26,31,32,11,2009-5-12
9055,29,24,04,03,22,18,03,04,18,22,24,29,11,2009-5-14
9056,10,32,04,29,18,09,04,09,10,18,29,32,08,2009-5-17
9057,10,25,07,05,14,17,05,07,10,14,17,25,11,2009-5-19
9058,08,10,23,05,26,15,05,08,10,15,23,26,09,2009-5-21
9059,03,07,27,23,30,13,03,07,13,23,27,30,11,2009-5-24
9060,13,17,07,26,32,33,07,13,17,26,32,33,04,2009-5-26
9061,16,13,11,19,10,30,10,11,13,16,19,30,03,2009-5-28
9062,21,32,20,23,10,19,10,19,20,21,23,32,10,2009-5-31
9063,05,32,30,11,26,02,02,05,11,26,30,32,16,2009-6-2
9064,23,28,02,14,01,29,01,02,14,23,28,29,15,2009-6-4
9065,33,08,30,22,20,12,08,12,20,22,30,33,02,2009-6-7
9066,19,24,15,02,31,32,02,15,19,24,31,32,04,2009-6-9
9067,04,10,30,28,16,23,04,10,16,23,28,30,05,2009-6-11
9068,11,30,20,25,06,18,06,11,18,20,25,30,05,2009-6-14
9069,12,23,03,18,21,05,03,05,12,18,21,23,02,2009-6-16
9070,10,09,02,31,21,01,01,02,09,10,21,31,10,2009-6-18
9071,26,04,05,32,31,23,04,05,23,26,31,32,06,2009-6-21
9072,20,12,21,29,03,01,01,03,12,20,21,29,04,2009-6-23
9073,16,09,18,27,17,22,09,16,17,18,22,27,14,2009-6-25
9074,28,10,23,19,05,16,05,10,16,19,23,28,13,2009-6-28
9075,13,20,01,30,17,15,01,13,15,17,20,30,05,2009-6-30
9076,28,31,18,09,25,19,09,18,19,25,28,31,06,2009-7-2
9077,32,01,09,14,28,16,01,09,14,16,28,32,16,2009-7-5
9078,12,05,07,14,15,20,05,07,12,14,15,20,13,2009-7-7
9079,02,09,16,30,21,31,02,09,16,21,30,31,13,2009-7-9
9080,25,32,13,33,01,11,01,11,13,25,32,33,06,2009-7-12
9081,04,30,06,25,29,05,04,05,06,25,29,30,03,2009-7-14
9082,15,11,18,21,27,29,11,15,18,21,27,29,02,2009-7-16
9083,18,24,08,02,28,12,02,08,12,18,24,28,04,2009-7-19
9084,09,20,32,33,11,04,04,09,11,20,32,33,13,2009-7-21
9085,20,04,12,17,08,30,04,08,12,17,20,30,03,2009-7-23
9086,32,12,23,18,11,13,11,12,13,18,23,32,11,2009-7-26
9087,13,11,06,28,20,32,06,11,13,20,28,32,06,2009-7-28
9088,07,15,04,11,17,16,04,07,11,15,16,17,02,2009-7-30
9089,02,32,19,07,11,03,02,03,07,11,19,32,04,2009-8-2
9090,14,20,23,09,30,07,07,09,14,20,23,30,14,2009-8-4
9091,14,08,25,11,03,29,03,08,11,14,25,29,04,2009-8-6
9092,14,31,06,02,07,18,02,06,07,14,18,31,08,2009-8-9
9093,32,01,20,33,31,11,01,11,20,31,32,33,01,2009-8-11
9094,03,16,22,33,25,26,03,16,22,25,26,33,14,2009-8-13
9095,14,28,33,09,08,31,08,09,14,28,31,33,15,2009-8-16
9096,26,32,33,01,31,27,01,26,27,31,32,33,03,2009-8-18
9097,28,13,32,26,24,07,07,13,24,26,28,32,14,2009-8-20
9098,23,15,30,14,20,03,03,14,15,20,23,30,02,2009-8-23
9099,25,20,08,18,09,29,08,09,18,20,25,29,09,2009-8-25
9100,30,11,02,17,27,33,02,11,17,27,30,33,11,2009-8-27
9101,01,10,24,02,05,19,01,02,05,10,19,24,14,2009-8-30
9102,07,31,05,14,08,03,03,05,07,08,14,31,10,2009-9-1
9103,24,23,11,20,17,06,06,11,17,20,23,24,09,2009-9-3
9104,20,32,30,29,22,26,20,22,26,29,30,32,16,2009-9-6
9105,10,16,02,27,30,08,02,08,10,16,27,30,15,2009-9-8
9106,20,18,15,29,01,02,01,02,15,18,20,29,04,2009-9-10
9107,07,28,23,08,20,29,07,08,20,23,28,29,05,2009-9-13
9108,33,04,10,17,28,32,04,10,17,28,32,33,02,2009-9-15
9109,14,07,05,06,25,28,05,06,07,14,25,28,01,2009-9-17
9110,13,04,15,10,30,19,04,10,13,15,19,30,14,2009-9-20
9111,25,04,15,14,07,02,02,04,07,14,15,25,15,2009-9-22
9112,30,24,07,32,18,06,06,07,18,24,30,32,09,2009-9-24
9113,20,25,28,12,29,04,04,12,20,25,28,29,16,2009-9-27
9114,03,12,31,32,11,05,03,05,11,12,31,32,11,2009-9-29
9115,02,15,19,24,09,13,02,09,13,15,19,24,03,2009-10-1
9116,17,27,21,25,32,05,05,17,21,25,27,32,14,2009-10-4
9117,09,05,21,15,31,26,05,09,15,21,26,31,13,2009-10-6
9118,27,26,25,12,31,16,12,16,25,26,27,31,05,2009-10-8
9119,10,12,07,06,15,21,06,07,10,12,15,21,05,2009-10-11
9120,01,02,08,12,30,16,01,02,08,12,16,30,16,2009-10-13
9121,06,02,30,10,04,25,02,04,06,10,25,30,09,2009-10-15
9122,27,32,14,16,29,07,07,14,16,27,29,32,01,2009-10-18
9123,20,13,22,25,28,09,09,13,20,22,25,28,14,2009-10-20
9124,30,23,28,04,03,22,03,04,22,23,28,30,10,2009-10-22
9125,22,26,27,07,06,08,06,07,08,22,26,27,12,2009-10-25
9126,10,06,03,19,23,05,03,05,06,10,19,23,15,2009-10-27
9127,02,12,11,16,14,15,02,11,12,14,15,16,04,2009-10-29
9128,05,15,26,08,32,16,05,08,15,16,26,32,01,2009-11-1
9129,06,25,16,17,07,24,06,07,16,17,24,25,07,2009-11-3
9130,30,07,13,03,02,12,02,03,07,12,13,30,11,2009-11-5
9131,32,25,26,33,23,16,16,23,25,26,32,33,05,2009-11-8
9132,15,30,04,23,21,14,04,14,15,21,23,30,07,2009-11-10
9133,13,05,09,32,20,18,05,09,13,18,20,32,01,2009-11-12
9134,05,15,28,33,12,03,03,05,12,15,28,33,06,2009-11-15
9135,30,14,01,03,33,19,01,03,14,19,30,33,16,2009-11-17
9136,30,01,33,22,14,04,01,04,14,22,30,33,01,2009-11-19
9137,17,14,21,08,15,12,08,12,14,15,17,21,01,2009-11-22
9138,14,33,07,04,26,32,04,07,14,26,32,33,14,2009-11-24
9139,29,27,17,05,01,15,01,05,15,17,27,29,02,2009-11-26
9140,11,33,04,22,18,05,04,05,11,18,22,33,12,2009-11-29
9141,31,29,13,21,02,28,02,13,21,28,29,31,09,2009-12-1
9142,20,15,19,24,11,07,07,11,15,19,20,24,13,2009-12-3
9143,09,28,23,05,11,17,05,09,11,17,23,28,10,2009-12-6
9144,17,05,18,01,29,10,01,05,10,17,18,29,12,2009-12-8
9145,11,33,26,03,05,15,03,05,11,15,26,33,11,2009-12-10
9146,16,09,20,22,33,03,03,09,16,20,22,33,15,2009-12-13
9147,08,06,32,10,22,18,06,08,10,18,22,32,16,2009-12-15
9148,15,29,32,22,06,12,06,12,15,22,29,32,10,2009-12-17
9149,16,18,03,29,22,01,01,03,16,18,22,29,04,2009-12-20
9150,07,20,04,16,06,19,04,06,07,16,19,20,04,2009-12-22
9151,06,25,10,30,08,16,06,08,10,16,25,30,14,2009-12-24
9152,27,21,03,19,04,28,03,04,19,21,27,28,05,2009-12-27
9153,25,07,08,06,20,21,06,07,08,20,21,25,10,2009-12-29
9154,12,18,14,25,01,07,01,07,12,14,18,25,16,2009-12-31
10001,27,32,29,07,17,18,07,17,18,27,29,32,13,2010-1-3
10002,07,30,06,33,23,03,03,06,07,23,30,33,13,2010-1-5
10003,14,27,22,28,26,31,14,22,26,27,28,31,04,2010-1-7
10004,28,16,13,12,23,01,01,12,13,16,23,28,07,2010-1-10
10005,18,17,05,08,06,03,03,05,06,08,17,18,14,2010-1-12
10006,13,14,03,05,07,18,03,05,07,13,14,18,05,2010-1-14
10007,22,33,28,14,30,27,14,22,27,28,30,33,14,2010-1-17
10008,05,13,15,07,30,18,05,07,13,15,18,30,14,2010-1-19
10009,21,13,09,24,32,01,01,09,13,21,24,32,06,2010-1-21
